{"gl-01-13-05": 0.296875, "atwt-05-19-03": 0.48484848484848486, "bb-06-07-06": 0.6140350877192983, "atwt-05-14-04": 0.44776119402985076, "gl-02-08-05": 0.5166666666666667, "oltl-08-04-09": 0.35384615384615387, "bb-06-15-06": 0.5806451612903226, "oltl-06-14-07": 0.46875, "gl-01-04-05": 0.3508771929824561, "oltl-01-15-10": 0.3559322033898305, "oltl-05-29-06": 0.5373134328358209, "atwt-05-07-03": 0.41935483870967744, "atwt-05-06-03": 0.3291139240506329, "gl-03-01-05": 0.1774193548387097, "bb-05-16-06": 0.7, "oltl-06-15-09": 0.36231884057971014, "oltl-03-02-09": 0.5614035087719298, "atwt-01-11-05": 0.35185185185185186, "atwt-09-18-06": 0.3076923076923077, "gl-02-27-06": 0.31746031746031744, "bb-05-11-06": 0.3387096774193548, "gl-01-28-05": 0.2857142857142857, "bb-05-01-17": 0.21052631578947367, "bb-04-25-17": 0.4838709677419355, "atwt-05-11-06": 0.41379310344827586, "bb-06-01-06": 0.6065573770491803, "atwt-02-22-06": 0.3924050632911392, "atwt-01-16-07": 0.5625, "pc-05-02-03": 0.5487804878048781, "atwt-07-21-06": 0.5189873417721519, "atwt-08-16-06": 0.484375, "bb-05-03-17": 0.55, "pc-04-03-03": 0.35714285714285715, "bb-05-02-17": 0.42857142857142855, "bb-01-11-16": 0.611764705882353, "oltl-03-17-09": 0.5625, "bb-01-20-15": 0.5230769230769231, "pc-04-02-03": 0.2222222222222222, "oltl-01-16-09": 0.43478260869565216, "atwt-05-15-06": 0.30952380952380953, "atwt-01-10-06": 0.3333333333333333, "oltl-01-06-12": 0.3972602739726027, "bb-05-04-06": 0.4626865671641791, "bb-01-02-07": 0.4189189189189189, "atwt-05-14-03": 0.25, "oltl-03-02-10": 0.47368421052631576, "gl-03-02-05": 0.4, "atwt-08-23-06": 0.46551724137931033, "bb-05-19-06": 0.59375, "atwt-09-11-06": 0.4117647058823529, "oltl-02-12-09": 0.25396825396825395, "oltl-09-03-09": 0.3582089552238806, "bb-01-02-15": 0.68, "bb-01-16-07": 0.5769230769230769, "gl-08-19-05": 0.6486486486486487, "atwt-01-11-07": 0.3472222222222222, "gl-02-09-05": 0.2857142857142857, "pc-04-04-03": 0.421875, "oltl-08-19-09": 0.39655172413793105, "atwt-01-21-03": 0.4444444444444444, "oltl-02-04-10": 0.46, "bb-05-10-17": 0.5740740740740741, "oltl-01-26-10": 0.4605263157894737, "oltl-01-06-10": 0.41975308641975306, "atwt-03-06-06": 0.6440677966101694, "bb-01-29-07": 0.4918032786885246, "oltl-08-10-09": 0.4520547945205479, "oltl-02-24-09": 0.34782608695652173, "pc-01-31-03": 0.5, "oltl-02-23-07": 0.3770491803278688, "oltl-02-12-10": 0.45, "gl-02-28-05": 0.6296296296296297, "atwt-02-16-07": 0.2698412698412698, "pc-02-03-03": 0.5, "bb-01-19-15": 0.453125, "bb-04-26-17": 0.5, "oltl-11-10-08": 0.38666666666666666, "bb-05-11-17": 0.5, "bb-01-12-16": 0.41935483870967744, "gl-02-11-05": 0.3389830508474576, "oltl-08-24-09": 0.45588235294117646, "atwt-09-19-06": 0.3448275862068966, "pc-05-13-03": 0.4444444444444444, "gl-01-12-05": 0.5737704918032787, "gl-02-16-05": 0.37142857142857144, "atwt-09-09-10": 0.5466666666666666, "pc-05-29-03": 0.3333333333333333, "oltl-02-23-09": 0.3108108108108108, "oltl-06-19-07": 0.2465753424657534, "gl-02-02-05": 0.6, "gl-03-01-06": 0.41025641025641024, "oltl-07-20-11": 0.40625, "oltl-08-26-09": 0.2982456140350877, "oltl-02-03-10": 0.5294117647058824, "pc-03-04-03": 0.18518518518518517, "gl-07-19-06": 0.36507936507936506, "bb-05-30-06": 0.48148148148148145, "bb-01-17-07": 0.509090909090909, "pc-05-01-03": 0.2857142857142857, "gl-01-26-05": 0.4936708860759494, "bb-01-05-16": 0.6666666666666666, "bb-06-13-06": 0.42857142857142855, "atwt-01-19-09": 0.45, "pc-05-21-03": 0.3275862068965517, "oltl-01-23-09": 0.45161290322580644, "bb-06-21-06": 0.4444444444444444, "oltl-08-14-09": 0.3230769230769231, "oltl-02-22-10": 0.3333333333333333, "bb-01-06-15": 0.569620253164557, "gl-01-25-05": 0.4714285714285714, "gl-09-13-06": 0.35714285714285715, "bb-05-23-06": 0.4864864864864865, "oltl-04-07-09": 0.421875, "bb-05-18-06": 0.5072463768115942, "atwt-01-17-05": 0.3442622950819672, "oltl-05-29-09": 0.2898550724637681, "atwt-11-11-05": 0.39473684210526316, "gl-02-21-05": 0.5256410256410257, "atwt-02-21-06": 0.4864864864864865, "pc-05-30-03": 0.3333333333333333, "atwt-01-18-05": 0.4444444444444444, "atwt-01-09-06": 0.35384615384615387, "bb-01-05-07": 0.4880952380952381, "bb-05-03-06": 0.47191011235955055, "oltl-02-05-09": 0.546875, "oltl-01-08-09": 0.2318840579710145, "bb-05-08-06": 0.5324675324675324, "atwt-01-21-05": 0.5, "gl-01-05-05": 0.4507042253521127, "oltl-07-21-11": 0.30864197530864196, "atwt-05-20-04": 0.42028985507246375, "bb-01-04-07": 0.3333333333333333, "bb-05-22-06": 0.3283582089552239, "oltl-06-15-07": 0.2903225806451613, "pc-02-26-03": 0.7611940298507462, "atwt-01-21-09": 0.4444444444444444, "pc-04-07-03": 0.3181818181818182, "gl-03-03-05": 0.6197183098591549, "gl-09-06-06": 0.2786885245901639, "bb-06-06-06": 0.3181818181818182, "oltl-02-03-09": 0.417910447761194, "oltl-06-02-09": 0.45614035087719296, "bb-06-14-06": 0.46875, "oltl-09-09-09": 0.23529411764705882, "pc-01-30-03": 0.36231884057971014, "oltl-06-19-09": 0.20634920634920634, "atwt-07-25-06": 0.375, "atwt-05-16-06": 0.3194444444444444, "oltl-06-29-09": 0.3150684931506849, "gl-02-24-05": 0.36619718309859156, "oltl-01-15-09": 0.5, "atwt-01-12-07": 0.39344262295081966, "atwt-03-20-06": 0.36231884057971014, "oltl-04-08-09": 0.4927536231884058, "atwt-10-19-06": 0.45588235294117646, "bb-05-04-17": 0.43283582089552236, "atwt-05-13-04": 0.2708333333333333, "oltl-05-24-07": 0.2054794520547945, "oltl-01-07-09": 0.30434782608695654, "oltl-07-15-11": 0.3709677419354839, "bb-05-09-17": 0.5806451612903226, "atwt-01-10-05": 0.4857142857142857, "atwt-05-08-03": 0.3793103448275862, "atwt-05-18-06": 0.4444444444444444, "gl-02-25-05": 0.5714285714285714, "atwt-01-05-05": 0.3472222222222222, "atwt-08-02-06": 0.5614035087719298, "atwt-07-24-06": 0.42857142857142855, "oltl-03-01-10": 0.3090909090909091, "pc-05-05-03": 0.375, "oltl-09-18-09": 0.3472222222222222, "pc-03-05-03": 0.4426229508196721, "atwt-01-22-07": 0.25333333333333335, "oltl-05-28-09": 0.38666666666666666, "gl-03-07-05": 0.2857142857142857, "pc-01-29-03": 0.33962264150943394, "atwt-01-20-03": 0.525, "atwt-05-05-03": 0.36764705882352944, "oltl-08-25-09": 0.2542372881355932, "oltl-06-28-11": 0.4393939393939394, "atwt-03-09-06": 0.4098360655737705, "gl-02-15-05": 0.26229508196721313, "atwt-01-04-10": 0.4358974358974359, "atwt-05-18-04": 0.484375, "atwt-05-15-03": 0.3218390804597701, "oltl-08-20-09": 0.45454545454545453, "bb-01-11-07": 0.5076923076923077, "atwt-01-17-07": 0.25, "gl-01-14-05": 0.49382716049382713, "bb-04-28-06": 0.3125, "bb-05-01-06": 0.3283582089552239, "gl-02-22-05": 0.42028985507246375, "atwt-02-17-06": 0.5333333333333333, "gl-01-31-05": 0.3287671232876712, "atwt-05-10-06": 0.4, "atwt-09-14-06": 0.3559322033898305, "bb-05-15-06": 0.30357142857142855, "gl-02-14-05": 0.42857142857142855, "atwt-09-13-06": 0.4838709677419355, "bb-04-27-06": 0.49230769230769234, "oltl-07-30-08": 0.3157894736842105, "atwt-05-09-03": 0.3968253968253968, "gl-02-17-05": 0.4935064935064935, "atwt-01-13-05": 0.45454545454545453, "atwt-01-18-06": 0.36764705882352944, "gl-01-11-05": 0.4642857142857143, "pc-06-30-03": 0.4, "oltl-03-16-09": 0.5833333333333334, "oltl-09-23-08": 0.3076923076923077, "atwt-05-17-04": 0.4393939393939394, "oltl-09-24-08": 0.38461538461538464, "atwt-01-05-10": 0.5076923076923077, "bb-01-30-07": 0.43283582089552236, "atwt-05-16-03": 0.4594594594594595, "oltl-01-25-10": 0.4057971014492754, "gl-02-10-05": 0.2318840579710145, "bb-01-15-07": 0.6923076923076923, "atwt-01-19-05": 0.36538461538461536, "atwt-05-13-03": 0.3898305084745763, "atwt-05-10-04": 0.4, "atwt-01-12-06": 0.43103448275862066, "gl-09-11-06": 0.4177215189873418, "gl-02-28-06": 0.27586206896551724, "atwt-01-22-09": 0.45901639344262296, "oltl-07-10-09": 0.2857142857142857, "oltl-01-26-09": 0.39473684210526316, "bb-05-12-06": 0.5142857142857142, "oltl-09-04-09": 0.2727272727272727, "atwt-05-19-06": 0.3684210526315789, "atwt-01-04-05": 0.3230769230769231, "atwt-05-12-04": 0.34328358208955223, "bb-05-10-06": 0.5454545454545454,