{"gl-01-13-05": 49.46745562130177, "atwt-05-19-03": 40.22346368715083, "bb-06-07-06": 56.23100303951368, "atwt-05-14-04": 51.21555915721232, "gl-02-08-05": 52.61813537675607, "oltl-08-04-09": 47.41532976827095, "bb-06-15-06": 49.59349593495935, "oltl-06-14-07": 42.994241842610364, "gl-01-04-05": 47.07207207207207, "oltl-01-15-10": 35.61643835616439, "oltl-05-29-06": 40.67164179104478, "atwt-05-07-03": 46.59090909090909, "atwt-05-06-03": 31.872509960159363, "gl-03-01-05": 42.90220820189275, "bb-05-16-06": 60.99071207430341, "oltl-06-15-09": 33.80281690140845, "oltl-03-02-09": 51.34228187919463, "atwt-01-11-05": 41.66666666666667, "atwt-09-18-06": 40.76433121019108, "gl-02-27-06": 55.87786259541985, "bb-05-11-06": 53.879941434846266, "gl-01-28-05": 36.50485436893203, "bb-05-01-17": 43.343653250774, "bb-04-25-17": 48.07467911318553, "atwt-05-11-06": 49.67741935483871, "bb-06-01-06": 52.87356321839081, "atwt-02-22-06": 54.36013590033974, "atwt-01-16-07": 48.3558994197292, "pc-05-02-03": 43.812709030100336, "atwt-07-21-06": 42.32209737827715, "atwt-08-16-06": 54.3640897755611, "bb-05-03-17": 46.272493573264775, "pc-04-03-03": 42.29390681003585, "bb-05-02-17": 43.74999999999999, "bb-01-11-16": 45.66544566544567, "oltl-03-17-09": 45.31722054380664, "bb-01-20-15": 47.131147540983605, "pc-04-02-03": 46.3768115942029, "oltl-01-16-09": 38.26429980276134, "atwt-05-15-06": 39.70037453183521, "atwt-01-10-06": 46.23115577889447, "oltl-01-06-12": 39.52569169960474, "bb-05-04-06": 50.082372322899495, "bb-01-02-07": 56.888888888888886, "atwt-05-14-03": 40.704500978473575, "oltl-03-02-10": 30.830039525691706, "gl-03-02-05": 48.666666666666664, "atwt-08-23-06": 43.91143911439114, "bb-05-19-06": 57.3551263001486, "atwt-09-11-06": 48.39596700274977, "oltl-02-12-09": 45.70312500000001, "oltl-09-03-09": 49.514563106796125, "bb-01-02-15": 46.89265536723164, "bb-01-16-07": 52.22551928783383, "gl-08-19-05": 49.52380952380952, "atwt-01-11-07": 41.44486692015209, "gl-02-09-05": 42.10526315789473, "pc-04-04-03": 46.35332252836305, "oltl-08-19-09": 50.0772797527048, "atwt-01-21-03": 45.6953642384106, "oltl-02-04-10": 35.98484848484848, "bb-05-10-17": 40.79207920792079, "oltl-01-26-10": 38.70967741935484, "oltl-01-06-10": 34.62246777163904, "atwt-03-06-06": 42.22222222222222, "bb-01-29-07": 41.42259414225941, "oltl-08-10-09": 39.06249999999999, "oltl-02-24-09": 49.74446337308347, "pc-01-31-03": 41.13475177304964, "oltl-02-23-07": 50.74626865671641, "oltl-02-12-10": 42.61036468330134, "gl-02-28-05": 48.096885813148795, "atwt-02-16-07": 44.55445544554456, "pc-02-03-03": 43.89489953632148, "bb-01-19-15": 47.90419161676647, "bb-04-26-17": 47.61904761904761, "oltl-11-10-08": 39.38814531548756, "bb-05-11-17": 46.951219512195124, "bb-01-12-16": 32.30974632843792, "gl-02-11-05": 41.28787878787878, "oltl-08-24-09": 49.74271012006861, "atwt-09-19-06": 50.92592592592593, "pc-05-13-03": 41.96277495769881, "gl-01-12-05": 44.15584415584416, "gl-02-16-05": 33.333333333333336, "atwt-09-09-10": 50.588235294117645, "pc-05-29-03": 41.970021413276235, "oltl-02-23-09": 38.0952380952381, "oltl-06-19-07": 48.985959438377535, "gl-02-02-05": 48.32962138084632, "gl-03-01-06": 45.776566757493185, "oltl-07-20-11": 36.88212927756654, "oltl-08-26-09": 52.519083969465655, "oltl-02-03-10": 51.69147496617049, "pc-03-04-03": 42.99065420560748, "gl-07-19-06": 43.29159212880143, "bb-05-30-06": 55.33834586466166, "bb-01-17-07": 42.352941176470594, "pc-05-01-03": 47.16692189892802, "gl-01-26-05": 56.7816091954023, "bb-01-05-16": 44.57478005865102, "bb-06-13-06": 49.358974358974365, "atwt-01-19-09": 55.39661898569571, "pc-05-21-03": 45.30551415797318, "oltl-01-23-09": 38.877755511022045, "bb-06-21-06": 56.042496679946886, "oltl-08-14-09": 36.58051689860835, "oltl-02-22-10": 33.33333333333333, "bb-01-06-15": 43.005181347150256, "gl-01-25-05": 35.897435897435905, "gl-09-13-06": 45.33898305084745, "bb-05-23-06": 41.56862745098039, "oltl-04-07-09": 42.73204903677759, "bb-05-18-06": 58.04511278195489, "atwt-01-17-05": 53.65853658536586, "oltl-05-29-09": 33.46153846153846, "atwt-11-11-05": 44.53998280309544, "gl-02-21-05": 36.05313092979128, "atwt-02-21-06": 43.72623574144487, "pc-05-30-03": 51.657458563535904, "atwt-01-18-05": 47.781569965870304, "atwt-01-09-06": 43.56060606060606, "bb-01-05-07": 38.32335329341317, "bb-05-03-06": 46.710526315789465, "oltl-02-05-09": 37.254901960784316, "oltl-01-08-09": 34.20074349442378, "bb-05-08-06": 53.43749999999999, "atwt-01-21-05": 38.33017077798861, "gl-01-05-05": 48.80083420229406, "oltl-07-21-11": 37.573385518590996, "atwt-05-20-04": 47.73109243697479, "bb-01-04-07": 55.587392550143264, "bb-05-22-06": 46.187845303867405, "oltl-06-15-07": 44.24460431654676, "pc-02-26-03": 56.45933014354069, "atwt-01-21-09": 51.26262626262626, "pc-04-07-03": 42.003853564547214, "gl-03-03-05": 48.97959183673469, "gl-09-06-06": 44.20289855072463, "bb-06-06-06": 52.71828665568369, "oltl-02-03-09": 44.48462929475588, "oltl-06-02-09": 41.05691056910569, "bb-06-14-06": 56.94635488308115, "oltl-09-09-09": 43.017656500802566, "pc-01-30-03": 35.82766439909297, "oltl-06-19-09": 31.809145129224653, "atwt-07-25-06": 47.91666666666667, "atwt-05-16-06": 50.27027027027027, "oltl-06-29-09": 32.475247524752476, "gl-02-24-05": 54.57025920873123, "oltl-01-15-09": 39.84819734345351, "atwt-01-12-07": 36.2934362934363, "atwt-03-20-06": 40.3041825095057, "oltl-04-08-09": 37.09369024856596, "atwt-10-19-06": 47.578347578347575, "bb-05-04-17": 42.60355029585799, "atwt-05-13-04": 46.319569120287255, "oltl-05-24-07": 44.54976303317535, "oltl-01-07-09": 43.71428571428571, "oltl-07-15-11": 33.26732673267326, "bb-05-09-17": 50.70729053318824, "atwt-01-10-05": 48.93617021276595, "atwt-05-08-03": 49.149338374291105, "atwt-05-18-06": 43.47826086956522, "gl-02-25-05": 41.842610364683296, "atwt-01-05-05": 46.63382594417077, "atwt-08-02-06": 48.90190336749634, "atwt-07-24-06": 51.330203442879494, "oltl-03-01-10": 37.10021321961621, "pc-05-05-03": 46.757679180887365, "oltl-09-18-09": 38.4020618556701, "pc-03-05-03": 52.85895806861499, "atwt-01-22-07": 38.56332703213611, "oltl-05-28-09": 37.40458015267175, "gl-03-07-05": 43.344709897610926, "pc-01-29-03": 46.611570247933884, "atwt-01-20-03": 47.01627486437614, "atwt-05-05-03": 53.82932166301969, "oltl-08-25-09": 47.07903780068728, "oltl-06-28-11": 39.67935871743487, "atwt-03-09-06": 55.99999999999999, "gl-02-15-05": 49.03581267217631, "atwt-01-04-10": 52.328159645232816, "atwt-05-18-04": 44.48818897637795, "atwt-05-15-03": 33.2703213610586, "oltl-08-20-09": 47.98534798534799, "bb-01-11-07": 51.593323216995444, "atwt-01-17-07": 39.77485928705441, "gl-01-14-05": 36.468330134357004, "bb-04-28-06": 47.893569844789354, "bb-05-01-06": 48.63945578231292, "gl-02-22-05": 51.30890052356021, "atwt-02-17-06": 41.47286821705427, "gl-01-31-05": 45.640074211502785, "atwt-05-10-06": 53.67647058823529, "atwt-09-14-06": 37.17171717171717, "bb-05-15-06": 50.482315112540185, "gl-02-14-05": 41.726618705035975, "atwt-09-13-06": 46.368715083798875, "bb-04-27-06": 56.11672278338945, "oltl-07-30-08": 48.45360824742268, "atwt-05-09-03": 36.19047619047619, "gl-02-17-05": 49.826187717265356, "atwt-01-13-05": 47.657841140529534, "atwt-01-18-06": 47.3015873015873, "gl-01-11-05": 48.503611971104235, "pc-06-30-03": 34.48275862068965, "oltl-03-16-09": 39.39393939393939, "oltl-09-23-08": 38.961038961038966, "atwt-05-17-04": 42.857142857142854, "oltl-09-24-08": 44.781783681214414, "atwt-01-05-10": 50.788643533123036, "bb-01-30-07": 52.19941348973607, "atwt-05-16-03": 42.65232974910395, "oltl-01-25-10": 41.15226337448559, "gl-02-10-05": 43.81720430107527, "bb-01-15-07": 49.275362318840585, "atwt-01-19-05": 50.0772797527048, "atwt-05-13-03": 40.22140221402214, "atwt-05-10-04": 50.21739130434783, "atwt-01-12-06": 43.12590448625181, "gl-09-11-06": 44.173913043478265, "gl-02-28-06": 39.922480620155035, "atwt-01-22-09": 46.36209813874788, "oltl-07-10-09": 34.60764587525151, "oltl-01-26-09": 30.29126213592233,