{"gl-01-13-05": 16.132858837485173, "atwt-05-19-03": 10.467289719626168, "bb-06-07-06": 19.817073170731707, "atwt-05-14-04": 12.357723577235774, "gl-02-08-05": 13.060179257362355, "oltl-08-04-09": 12.164579606440073, "bb-06-15-06": 14.67391304347826, "oltl-06-14-07": 13.102119460500964, "gl-01-04-05": 9.706546275395034, "oltl-01-15-10": 8.25147347740668, "oltl-05-29-06": 9.737827715355806, "atwt-05-07-03": 8.571428571428573, "atwt-05-06-03": 5.6000000000000005, "gl-03-01-05": 9.694415173867228, "bb-05-16-06": 25.15527950310559, "oltl-06-15-09": 7.676767676767677, "oltl-03-02-09": 15.824915824915825, "atwt-01-11-05": 10.64638783269962, "atwt-09-18-06": 9.195402298850572, "gl-02-27-06": 15.926493108728945, "bb-05-11-06": 20.26431718061674, "gl-01-28-05": 8.576998050682262, "bb-05-01-17": 6.230529595015576, "bb-04-25-17": 13.333333333333334, "atwt-05-11-06": 14.239482200647247, "bb-06-01-06": 14.409221902017288, "atwt-02-22-06": 15.209988649262202, "atwt-01-16-07": 17.087378640776702, "pc-05-02-03": 10.06711409395973, "atwt-07-21-06": 10.526315789473685, "atwt-08-16-06": 14.500000000000002, "bb-05-03-17": 9.30232558139535, "pc-04-03-03": 8.664259927797833, "bb-05-02-17": 10.857142857142858, "bb-01-11-16": 12.974296205630356, "oltl-03-17-09": 11.55015197568389, "bb-01-20-15": 14.814814814814817, "pc-04-02-03": 7.2992700729927, "oltl-01-16-09": 8.316831683168315, "atwt-05-15-06": 9.022556390977442, "atwt-01-10-06": 7.731092436974792, "oltl-01-06-12": 7.936507936507938, "bb-05-04-06": 15.537190082644628, "bb-01-02-07": 15.156017830609212, "atwt-05-14-03": 12.573673870333991, "oltl-03-02-10": 4.365079365079365, "gl-03-02-05": 11.804008908685969, "atwt-08-23-06": 9.629629629629628, "bb-05-19-06": 16.691505216095383, "atwt-09-11-06": 13.406795224977044, "oltl-02-12-09": 12.156862745098037, "oltl-09-03-09": 13.311688311688313, "bb-01-02-15": 11.931818181818182, "bb-01-16-07": 13.731343283582087, "gl-08-19-05": 12.089077412513253, "atwt-01-11-07": 9.160305343511451, "gl-02-09-05": 5.5900621118012435, "pc-04-04-03": 8.45528455284553, "oltl-08-19-09": 12.4031007751938, "atwt-01-21-03": 11.960132890365449, "oltl-02-04-10": 5.703422053231939, "bb-05-10-17": 11.133200795228628, "oltl-01-26-10": 6.477732793522267, "oltl-01-06-10": 7.393715341959334, "atwt-03-06-06": 9.66542750929368, "bb-01-29-07": 15.546218487394958, "oltl-08-10-09": 10.980392156862743, "oltl-02-24-09": 11.282051282051283, "pc-01-31-03": 8.185053380782916, "oltl-02-23-07": 11.700680272108844, "oltl-02-12-10": 11.560693641618498, "gl-02-28-05": 12.152777777777777, "atwt-02-16-07": 10.927152317880793, "pc-02-03-03": 9.30232558139535, "bb-01-19-15": 13.399999999999999, "bb-04-26-17": 12.779552715654951, "oltl-11-10-08": 8.445297504798463, "bb-05-11-17": 11.042944785276074, "bb-01-12-16": 11.780455153949129, "gl-02-11-05": 9.125475285171103, "oltl-08-24-09": 11.7039586919105, "atwt-09-19-06": 12.693498452012383, "pc-05-13-03": 7.809847198641766, "gl-01-12-05": 10.42830540037244, "gl-02-16-05": 4.545454545454545, "atwt-09-09-10": 16.895874263261295, "pc-05-29-03": 14.623655913978496, "oltl-02-23-09": 10.81081081081081, "oltl-06-19-07": 15.023474178403756, "gl-02-02-05": 13.839285714285715, "gl-03-01-06": 8.767123287671232, "oltl-07-20-11": 10.68702290076336, "oltl-08-26-09": 16.232771822358348, "oltl-02-03-10": 14.382632293080052, "pc-03-04-03": 10.881801125703564, "gl-07-19-06": 9.335727109515261, "bb-05-30-06": 16.89291101055807, "bb-01-17-07": 11.811023622047244, "pc-05-01-03": 12.903225806451612, "gl-01-26-05": 17.28110599078341, "bb-01-05-16": 8.259587020648967, "bb-06-13-06": 15.755627009646304, "atwt-01-19-09": 15.90612777053455, "pc-05-21-03": 8.66965620328849, "oltl-01-23-09": 9.255533199195172, "bb-06-21-06": 22.10386151797603, "oltl-08-14-09": 7.584830339321356, "oltl-02-22-10": 7.392996108949417, "bb-01-06-15": 15.051903114186851, "gl-01-25-05": 12.875536480686694, "gl-09-13-06": 12.76595744680851, "bb-05-23-06": 12.648221343873518, "oltl-04-07-09": 7.029876977152901, "bb-05-18-06": 17.79788838612368, "atwt-01-17-05": 18.160651920838184, "oltl-05-29-09": 8.108108108108107, "atwt-11-11-05": 13.608957795004306, "gl-02-21-05": 5.333333333333333, "atwt-02-21-06": 10.687022900763358, "pc-05-30-03": 14.681440443213296, "atwt-01-18-05": 12.086659064994299, "atwt-01-09-06": 14.82889733840304, "bb-01-05-07": 8.016032064128256, "bb-05-03-06": 12.541254125412543, "oltl-02-05-09": 8.661417322834646, "oltl-01-08-09": 8.582089552238804, "bb-05-08-06": 17.241379310344826, "atwt-01-21-05": 9.904761904761903, "gl-01-05-05": 15.882967607105538, "oltl-07-21-11": 8.25147347740668, "atwt-05-20-04": 16.188870151770658, "bb-01-04-07": 15.804597701149422, "bb-05-22-06": 16.611295681063122, "oltl-06-15-07": 14.079422382671478, "pc-02-26-03": 17.745803357314145, "atwt-01-21-09": 12.658227848101266, "pc-04-07-03": 10.444874274661508, "gl-03-03-05": 13.642564802182811, "gl-09-06-06": 13.454545454545455, "bb-06-06-06": 15.206611570247933, "oltl-02-03-09": 10.163339382940109, "oltl-06-02-09": 11.020408163265307, "bb-06-14-06": 20.689655172413797, "oltl-09-09-09": 10.950080515297905, "pc-01-30-03": 9.567198177676538, "oltl-06-19-09": 8.383233532934133, "atwt-07-25-06": 16.027874564459932, "atwt-05-16-06": 11.924119241192411, "oltl-06-29-09": 8.747514910536779, "gl-02-24-05": 16.142270861833104, "oltl-01-15-09": 10.666666666666666, "atwt-01-12-07": 10.465116279069766, "atwt-03-20-06": 9.923664122137403, "oltl-04-08-09": 5.374280230326296, "atwt-10-19-06": 10.285714285714285, "bb-05-04-17": 9.108910891089108, "atwt-05-13-04": 11.891891891891893, "oltl-05-24-07": 11.09350237717908, "oltl-01-07-09": 9.74212034383954, "oltl-07-15-11": 6.759443339960239, "bb-05-09-17": 19.19302071973828, "atwt-01-10-05": 10.660980810234543, "atwt-05-08-03": 15.180265654648958, "atwt-05-18-06": 4.3624161073825505, "gl-02-25-05": 8.86319845857418, "atwt-01-05-05": 8.896210873146623, "atwt-08-02-06": 11.747430249632892, "atwt-07-24-06": 12.244897959183673, "oltl-03-01-10": 8.137044967880087, "pc-05-05-03": 9.931506849315069, "oltl-09-18-09": 8.527131782945736, "pc-03-05-03": 15.286624203821658, "atwt-01-22-07": 7.590132827324478, "oltl-05-28-09": 8.42911877394636, "gl-03-07-05": 11.643835616438357, "pc-01-29-03": 10.281923714759534, "atwt-01-20-03": 8.711433756805807, "atwt-05-05-03": 19.078947368421055, "oltl-08-25-09": 12.758620689655176, "oltl-06-28-11": 9.6579476861167, "atwt-03-09-06": 16.874135546334717, "gl-02-15-05": 10.773480662983426, "atwt-01-04-10": 16.666666666666664, "atwt-05-18-04": 11.462450592885375, "atwt-05-15-03": 6.072106261859582, "oltl-08-20-09": 12.5, "bb-01-11-07": 17.047184170471844, "atwt-01-17-07": 10.169491525423728, "gl-01-14-05": 6.551059730250482, "bb-04-28-06": 12.026726057906458, "bb-05-01-06": 14.675767918088736, "gl-02-22-05": 11.548556430446194, "atwt-02-17-06": 5.836575875486381, "gl-01-31-05": 8.56610800744879, "atwt-05-10-06": 19.41031941031941, "atwt-09-14-06": 10.547667342799189, "bb-05-15-06": 14.838709677419354, "gl-02-14-05": 13.153153153153156, "atwt-09-13-06": 12.324929971988796, "bb-04-27-06": 23.17210348706412, "oltl-07-30-08": 11.379310344827585, "atwt-05-09-03": 11.47227533460803, "gl-02-17-05": 17.653890824622536, "atwt-01-13-05": 11.428571428571429, "atwt-01-18-06": 10.509554140127388, "gl-01-11-05": 13.029989658738364, "pc-06-30-03": 7.638888888888889, "oltl-03-16-09": 9.885931558935361, "oltl-09-23-08": 7.391304347826086, "atwt-05-17-04": 9.302325581395348, "oltl-09-24-08": 9.904761904761903, "atwt-01-05-10": 16.139240506329113, "bb-01-30-07": 12.647058823529411, "atwt-05-16-03": 8.992805755395684, "oltl-01-25-10": 12.396694214876032, "gl-02-10-05": 10.242587601078167, "bb-01-15-07": 12.82798833819242, "atwt-01-19-05": 8.992248062015504, "atwt-05-13-03": 11.111111111111112, "atwt-05-10-04": 16.33986928104575, "atwt-01-12-06": 7.25689404934688, "gl-09-11-06": 14.31064572425829, "gl-02-28-06": 10.505836575875486, "atwt-01-22-09": 12.563667232597622, "oltl-07-10-09": 5.656565656565657,