{"gl-01-13-05": 0.5714285714285714, "atwt-05-19-03": 0.325, "bb-06-07-06": 0.6333333333333333, "atwt-05-14-04": 0.5316455696202531, "gl-02-08-05": 0.6129032258064516, "oltl-08-04-09": 0.5652173913043478, "bb-06-15-06": 0.5128205128205128, "oltl-06-14-07": 0.33962264150943394, "gl-01-04-05": 0.4074074074074074, "oltl-01-15-10": 0.35135135135135137, "oltl-05-29-06": 0.19047619047619047, "atwt-05-07-03": 0.36585365853658536, "atwt-05-06-03": 0.2222222222222222, "gl-03-01-05": 0.6206896551724138, "bb-05-16-06": 0.6037735849056604, "oltl-06-15-09": 0.47058823529411764, "oltl-03-02-09": 0.7222222222222222, "atwt-01-11-05": 0.625, "atwt-09-18-06": 0.391304347826087, "gl-02-27-06": 0.5098039215686274, "bb-05-11-06": 0.296875, "gl-01-28-05": 0.2777777777777778, "bb-05-01-17": 0.3069306930693069, "bb-04-25-17": 0.5784313725490197, "atwt-05-11-06": 0.7058823529411765, "bb-06-01-06": 0.4788732394366197, "atwt-02-22-06": 0.6263736263736264, "atwt-01-16-07": 0.6296296296296297, "pc-05-02-03": 0.5192307692307693, "atwt-07-21-06": 0.35714285714285715, "atwt-08-16-06": 0.4722222222222222, "bb-05-03-17": 0.5494505494505495, "pc-04-03-03": 0.5909090909090909, "bb-05-02-17": 0.4838709677419355, "bb-01-11-16": 0.4838709677419355, "oltl-03-17-09": 0.47619047619047616, "bb-01-20-15": 0.39669421487603307, "pc-04-02-03": 0.49333333333333335, "oltl-01-16-09": 0.6333333333333333, "atwt-05-15-06": 0.5192307692307693, "atwt-01-10-06": 0.4375, "oltl-01-06-12": 0.5, "bb-05-04-06": 0.6304347826086957, "bb-01-02-07": 0.5081967213114754, "atwt-05-14-03": 0.24390243902439024, "oltl-03-02-10": 0.391304347826087, "gl-03-02-05": 0.4186046511627907, "atwt-08-23-06": 0.27710843373493976, "bb-05-19-06": 0.5344827586206896, "atwt-09-11-06": 0.5238095238095238, "oltl-02-12-09": 0.17142857142857143, "oltl-09-03-09": 0.5306122448979592, "bb-01-02-15": 0.6313559322033898, "bb-01-16-07": 0.6333333333333333, "gl-08-19-05": 0.6666666666666666, "atwt-01-11-07": 0.5, "gl-02-09-05": 0.5714285714285714, "pc-04-04-03": 0.5964912280701754, "oltl-08-19-09": 0.4406779661016949, "atwt-01-21-03": 0.35051546391752575, "oltl-02-04-10": 0.625, "bb-05-10-17": 0.5913978494623656, "oltl-01-26-10": 0.5294117647058824, "oltl-01-06-10": 0.425531914893617, "atwt-03-06-06": 0.6578947368421053, "bb-01-29-07": 0.4473684210526316, "oltl-08-10-09": 0.5555555555555556, "oltl-02-24-09": 0.40476190476190477, "pc-01-31-03": 0.5434782608695652, "oltl-02-23-07": 0.35, "oltl-02-12-10": 0.782608695652174, "gl-02-28-05": 0.43137254901960786, "atwt-02-16-07": 0.5862068965517241, "pc-02-03-03": 0.5, "bb-01-19-15": 0.3728813559322034, "bb-04-26-17": 0.5285714285714286, "oltl-11-10-08": 0.5625, "bb-05-11-17": 0.6966292134831461, "bb-01-12-16": 0.38738738738738737, "gl-02-11-05": 0.36, "oltl-08-24-09": 0.6388888888888888, "atwt-09-19-06": 0.5714285714285714, "pc-05-13-03": 0.3770491803278688, "gl-01-12-05": 0.5454545454545454, "gl-02-16-05": 0.46875, "atwt-09-09-10": 0.49612403100775193, "pc-05-29-03": 0.4423076923076923, "oltl-02-23-09": 0.4074074074074074, "oltl-06-19-07": 0.44594594594594594, "gl-02-02-05": 0.41379310344827586, "gl-03-01-06": 0.4, "oltl-07-20-11": 0.3333333333333333, "oltl-08-26-09": 0.43137254901960786, "oltl-02-03-10": 0.30303030303030304, "pc-03-04-03": 0.3611111111111111, "gl-07-19-06": 0.28205128205128205, "bb-05-30-06": 0.546875, "bb-01-17-07": 0.6458333333333334, "pc-05-01-03": 0.32142857142857145, "gl-01-26-05": 0.6842105263157895, "bb-01-05-16": 0.5, "bb-06-13-06": 0.43333333333333335, "atwt-01-19-09": 0.5970149253731343, "pc-05-21-03": 0.25757575757575757, "oltl-01-23-09": 0.3181818181818182, "bb-06-21-06": 0.4805194805194805, "oltl-08-14-09": 0.4782608695652174, "oltl-02-22-10": 0.5416666666666666, "bb-01-06-15": 0.5925925925925926, "gl-01-25-05": 0.7391304347826086, "gl-09-13-06": 0.3829787234042553, "bb-05-23-06": 0.3194444444444444, "oltl-04-07-09": 0.4782608695652174, "bb-05-18-06": 0.7543859649122807, "atwt-01-17-05": 0.375, "oltl-05-29-09": 0.5, "atwt-11-11-05": 0.5555555555555556, "gl-02-21-05": 0.4375, "atwt-02-21-06": 0.575, "pc-05-30-03": 0.5769230769230769, "atwt-01-18-05": 0.4642857142857143, "atwt-01-09-06": 0.28846153846153844, "bb-01-05-07": 0.3880597014925373, "bb-05-03-06": 0.43478260869565216, "oltl-02-05-09": 0.43243243243243246, "oltl-01-08-09": 0.7142857142857143, "bb-05-08-06": 0.7446808510638298, "atwt-01-21-05": 0.2857142857142857, "gl-01-05-05": 0.5428571428571428, "oltl-07-21-11": 0.2894736842105263, "atwt-05-20-04": 0.43478260869565216, "bb-01-04-07": 0.6031746031746031, "bb-05-22-06": 0.49019607843137253, "oltl-06-15-07": 0.5121951219512195, "pc-02-26-03": 0.5851063829787234, "atwt-01-21-09": 0.6, "pc-04-07-03": 0.6470588235294118, "gl-03-03-05": 0.75, "gl-09-06-06": 0.5348837209302325, "bb-06-06-06": 0.5185185185185185, "oltl-02-03-09": 0.5714285714285714, "oltl-06-02-09": 0.5862068965517241, "bb-06-14-06": 0.42857142857142855, "oltl-09-09-09": 0.3064516129032258, "pc-01-30-03": 0.5714285714285714, "oltl-06-19-09": 0.8823529411764706, "atwt-07-25-06": 0.6086956521739131, "atwt-05-16-06": 0.49295774647887325, "oltl-06-29-09": 0.4, "gl-02-24-05": 0.4827586206896552, "oltl-01-15-09": 0.5128205128205128, "atwt-01-12-07": 0.4864864864864865, "atwt-03-20-06": 0.47368421052631576, "oltl-04-08-09": 0.3684210526315789, "atwt-10-19-06": 0.5, "bb-05-04-17": 0.5813953488372093, "atwt-05-13-04": 0.5409836065573771, "oltl-05-24-07": 0.21739130434782608, "oltl-01-07-09": 0.3855421686746988, "oltl-07-15-11": 0.2647058823529412, "bb-05-09-17": 0.5686274509803921, "atwt-01-10-05": 0.5909090909090909, "atwt-05-08-03": 0.28205128205128205, "atwt-05-18-06": 0.2727272727272727, "gl-02-25-05": 0.6363636363636364, "atwt-01-05-05": 0.45161290322580644, "atwt-08-02-06": 0.7301587301587301, "atwt-07-24-06": 0.45652173913043476, "oltl-03-01-10": 0.5925925925925926, "pc-05-05-03": 0.5686274509803921, "oltl-09-18-09": 0.3263157894736842, "pc-03-05-03": 0.5194805194805194, "atwt-01-22-07": 0.475, "oltl-05-28-09": 0.76, "gl-03-07-05": 0.38596491228070173, "pc-01-29-03": 0.4, "atwt-01-20-03": 0.5535714285714286, "atwt-05-05-03": 0.2894736842105263, "oltl-08-25-09": 0.26666666666666666, "oltl-06-28-11": 0.23076923076923078, "atwt-03-09-06": 0.5901639344262295, "gl-02-15-05": 0.5909090909090909, "atwt-01-04-10": 0.5959595959595959, "atwt-05-18-04": 0.5, "atwt-05-15-03": 0.36666666666666664, "oltl-08-20-09": 0.5, "bb-01-11-07": 0.5918367346938775, "atwt-01-17-07": 0.5555555555555556, "gl-01-14-05": 0.8888888888888888, "bb-04-28-06": 0.5, "bb-05-01-06": 0.16666666666666666, "gl-02-22-05": 0.7307692307692307, "atwt-02-17-06": 0.7142857142857143, "gl-01-31-05": 0.5789473684210527, "atwt-05-10-06": 0.5128205128205128, "atwt-09-14-06": 0.5416666666666666, "bb-05-15-06": 0.5789473684210527, "gl-02-14-05": 0.4642857142857143, "atwt-09-13-06": 0.43859649122807015, "bb-04-27-06": 0.49122807017543857, "oltl-07-30-08": 0.3387096774193548, "atwt-05-09-03": 0.4482758620689655, "gl-02-17-05": 0.5116279069767442, "atwt-01-13-05": 0.5, "atwt-01-18-06": 0.3835616438356164, "gl-01-11-05": 0.475, "pc-06-30-03": 0.38095238095238093, "oltl-03-16-09": 0.7407407407407407, "oltl-09-23-08": 0.4, "atwt-05-17-04": 0.46808510638297873, "oltl-09-24-08": 0.43859649122807015, "atwt-01-05-10": 0.54, "bb-01-30-07": 0.3728813559322034, "atwt-05-16-03": 0.41025641025641024, "oltl-01-25-10": 0.46153846153846156, "gl-02-10-05": 0.5365853658536586, "bb-01-15-07": 0.5111111111111111, "atwt-01-19-05": 0.5, "atwt-05-13-03": 0.5, "atwt-05-10-04": 0.5576923076923077, "atwt-01-12-06": 0.7142857142857143, "gl-09-11-06": 0.2619047619047619, "gl-02-28-06": 0.37037037037037035, "atwt-01-22-09": 0.5384615384615384, "oltl-07-10-09": 0.4838709677419355, "oltl-01-26-09": 0.34782608695652173, "bb-05-12-06": 0.3157894736842105, "oltl-09-04-09": 0.25, "atwt-05-19-06": 0.3333333333333333, "atwt-01-04-05": 0.6111111111111112, "atwt-05-12-04": 0.16071428571428573, "bb-05-10-06": 0.49122807017543857, "oltl-06-24-09": 0.25, "oltl-07-30-09": 0.5,