{"gl-01-13-05": 19.40828402366864, "atwt-05-19-03": 17.13221601489758, "bb-06-07-06": 23.10030395136778, "atwt-05-14-04": 22.042139384116695, "gl-02-08-05": 19.412515964240104, "oltl-08-04-09": 21.033868092691623, "bb-06-15-06": 19.78319783197832, "oltl-06-14-07": 20.34548944337812, "gl-01-04-05": 16.891891891891895, "oltl-01-15-10": 19.96086105675147, "oltl-05-29-06": 17.910447761194025, "atwt-05-07-03": 18.181818181818183, "atwt-05-06-03": 16.73306772908367, "gl-03-01-05": 16.61409043112513, "bb-05-16-06": 26.934984520123834, "oltl-06-15-09": 18.511066398390344, "oltl-03-02-09": 23.8255033557047, "atwt-01-11-05": 17.424242424242422, "atwt-09-18-06": 16.305732484076437, "gl-02-27-06": 22.290076335877863, "bb-05-11-06": 21.083455344070277, "gl-01-28-05": 17.47572815533981, "bb-05-01-17": 21.671826625387, "bb-04-25-17": 17.969661610268375, "atwt-05-11-06": 19.03225806451613, "bb-06-01-06": 20.977011494252874, "atwt-02-22-06": 20.61155152887882, "atwt-01-16-07": 21.663442940038685, "pc-05-02-03": 20.066889632107024, "atwt-07-21-06": 17.97752808988764, "atwt-08-16-06": 19.451371571072322, "bb-05-03-17": 19.53727506426735, "pc-04-03-03": 18.63799283154122, "bb-05-02-17": 18.750000000000004, "bb-01-11-16": 19.29181929181929, "oltl-03-17-09": 19.939577039274926, "bb-01-20-15": 20.901639344262293, "pc-04-02-03": 23.18840579710145, "oltl-01-16-09": 17.357001972386588, "atwt-05-15-06": 18.352059925093638, "atwt-01-10-06": 17.085427135678394, "oltl-01-06-12": 18.181818181818183, "bb-05-04-06": 22.40527182866557, "bb-01-02-07": 22.22222222222222, "atwt-05-14-03": 21.52641878669276, "oltl-03-02-10": 16.205533596837945, "gl-03-02-05": 18.666666666666668, "atwt-08-23-06": 18.45018450184502, "bb-05-19-06": 23.179791976225854, "atwt-09-11-06": 17.415215398716775, "oltl-02-12-09": 19.53125, "oltl-09-03-09": 17.475728155339805, "bb-01-02-15": 22.033898305084747, "bb-01-16-07": 24.33234421364985, "gl-08-19-05": 20.31746031746032, "atwt-01-11-07": 18.250950570342205, "gl-02-09-05": 17.64705882352941, "pc-04-04-03": 17.179902755267424, "oltl-08-19-09": 17.31066460587326, "atwt-01-21-03": 19.536423841059605, "oltl-02-04-10": 14.393939393939394, "bb-05-10-17": 21.386138613861387, "oltl-01-26-10": 16.129032258064516, "oltl-01-06-10": 17.31123388581952, "atwt-03-06-06": 18.88888888888889, "bb-01-29-07": 20.0836820083682, "oltl-08-10-09": 17.187500000000004, "oltl-02-24-09": 22.487223168654175, "pc-01-31-03": 17.730496453900706, "oltl-02-23-07": 22.25237449118046, "oltl-02-12-10": 19.57773512476008, "gl-02-28-05": 21.79930795847751, "atwt-02-16-07": 17.491749174917494, "pc-02-03-03": 17.928902627511594, "bb-01-19-15": 17.764471057884233, "bb-04-26-17": 22.857142857142858, "oltl-11-10-08": 19.50286806883365, "bb-05-11-17": 20.73170731707317, "bb-01-12-16": 17.356475300400533, "gl-02-11-05": 18.181818181818183, "oltl-08-24-09": 19.210977701543737, "atwt-09-19-06": 18.82716049382716, "pc-05-13-03": 16.58206429780034, "gl-01-12-05": 20.77922077922078, "gl-02-16-05": 16.38418079096045, "atwt-09-09-10": 20.784313725490193, "pc-05-29-03": 20.556745182012847, "oltl-02-23-09": 17.391304347826086, "oltl-06-19-07": 22.464898595943836, "gl-02-02-05": 17.59465478841871, "gl-03-01-06": 22.3433242506812, "oltl-07-20-11": 19.01140684410646, "oltl-08-26-09": 19.541984732824428, "oltl-02-03-10": 21.10960757780785, "pc-03-04-03": 18.317757009345794, "gl-07-19-06": 20.03577817531306, "bb-05-30-06": 23.157894736842103, "bb-01-17-07": 19.607843137254903, "pc-05-01-03": 20.21439509954058, "gl-01-26-05": 21.609195402298848, "bb-01-05-16": 20.527859237536656, "bb-06-13-06": 24.03846153846154, "atwt-01-19-09": 22.886866059817944, "pc-05-21-03": 17.88375558867362, "oltl-01-23-09": 19.238476953907817, "bb-06-21-06": 25.232403718459494, "oltl-08-14-09": 17.097415506958253, "oltl-02-22-10": 18.217054263565892, "bb-01-06-15": 17.098445595854926, "gl-01-25-05": 18.37606837606838, "gl-09-13-06": 18.220338983050848, "bb-05-23-06": 24.313725490196074, "oltl-04-07-09": 19.614711033274954, "bb-05-18-06": 24.06015037593985, "atwt-01-17-05": 17.421602787456443, "oltl-05-29-09": 16.153846153846153, "atwt-11-11-05": 18.400687876182285, "gl-02-21-05": 18.9753320683112, "atwt-02-21-06": 20.53231939163498, "pc-05-30-03": 21.54696132596685, "atwt-01-18-05": 17.29237770193402, "atwt-01-09-06": 20.833333333333336, "bb-01-05-07": 18.36327345309381, "bb-05-03-06": 19.736842105263154, "oltl-02-05-09": 18.03921568627451, "oltl-01-08-09": 16.728624535315987, "bb-05-08-06": 20.9375, "atwt-01-21-05": 18.975332068311197, "gl-01-05-05": 20.229405630865486, "oltl-07-21-11": 16.829745596868886, "atwt-05-20-04": 19.495798319327733, "bb-01-04-07": 19.770773638968482, "bb-05-22-06": 20.773480662983424, "oltl-06-15-07": 19.424460431654676, "pc-02-26-03": 21.291866028708135, "atwt-01-21-09": 21.464646464646464, "pc-04-07-03": 16.570327552986512, "gl-03-03-05": 20.68027210884354, "gl-09-06-06": 20.652173913043477, "bb-06-06-06": 22.73476112026359, "oltl-02-03-09": 18.083182640144667, "oltl-06-02-09": 16.666666666666664, "bb-06-14-06": 22.283356258596974, "oltl-09-09-09": 16.69341894060995, "pc-01-30-03": 17.687074829931976, "oltl-06-19-09": 17.09741550695825, "atwt-07-25-06": 21.180555555555557, "atwt-05-16-06": 18.64864864864865, "oltl-06-29-09": 15.841584158415841, "gl-02-24-05": 19.37244201909959, "oltl-01-15-09": 18.595825426944973, "atwt-01-12-07": 16.6023166023166, "atwt-03-20-06": 20.15209125475285, "oltl-04-08-09": 15.678776290630974, "atwt-10-19-06": 17.37891737891738, "bb-05-04-17": 20.11834319526627, "atwt-05-13-04": 21.543985637342907, "oltl-05-24-07": 17.061611374407583, "oltl-01-07-09": 18.571428571428573, "oltl-07-15-11": 15.841584158415841, "bb-05-09-17": 20.892274211099018, "atwt-01-10-05": 18.085106382978722, "atwt-05-08-03": 21.928166351606805, "atwt-05-18-06": 17.391304347826082, "gl-02-25-05": 20.345489443378117, "atwt-01-05-05": 18.062397372742197, "atwt-08-02-06": 19.32650073206442, "atwt-07-24-06": 20.657276995305164, "oltl-03-01-10": 17.48400852878465, "pc-05-05-03": 18.43003412969283, "oltl-09-18-09": 17.2680412371134, "pc-03-05-03": 19.3138500635324, "atwt-01-22-07": 17.01323251417769, "oltl-05-28-09": 17.938931297709924, "gl-03-07-05": 18.771331058020476, "pc-01-29-03": 19.50413223140496, "atwt-01-20-03": 21.338155515370705, "atwt-05-05-03": 21.00656455142232, "oltl-08-25-09": 18.556701030927837, "oltl-06-28-11": 16.83366733466934, "atwt-03-09-06": 18.758620689655174, "gl-02-15-05": 19.00826446280992, "atwt-01-04-10": 19.290465631929045, "atwt-05-18-04": 19.291338582677167, "atwt-05-15-03": 15.50094517958412, "oltl-08-20-09": 20.51282051282051, "bb-01-11-07": 21.547799696509866, "atwt-01-17-07": 19.51219512195122, "gl-01-14-05": 15.738963531669864, "bb-04-28-06": 23.05986696230599, "bb-05-01-06": 20.40816326530612, "gl-02-22-05": 19.10994764397906, "atwt-02-17-06": 17.829457364341085, "gl-01-31-05": 20.037105751391472, "atwt-05-10-06": 22.54901960784314, "atwt-09-14-06": 20.2020202020202, "bb-05-15-06": 20.90032154340836, "gl-02-14-05": 17.625899280575542, "atwt-09-13-06": 18.715083798882677, "bb-04-27-06": 23.793490460157127, "oltl-07-30-08": 19.587628865979383, "atwt-05-09-03": 20.190476190476193, "gl-02-17-05": 22.479721900347627, "atwt-01-13-05": 18.73727087576375, "atwt-01-18-06": 18.73015873015873, "gl-01-11-05": 18.369453044375646, "pc-06-30-03": 17.241379310344826, "oltl-03-16-09": 17.045454545454543, "oltl-09-23-08": 17.74891774891775, "atwt-05-17-04": 19.69111969111969, "oltl-09-24-08": 17.457305502846303, "atwt-01-05-10": 19.873817034700313, "bb-01-30-07": 19.35483870967742, "atwt-05-16-03": 16.845878136200717, "oltl-01-25-10": 18.930041152263374, "gl-02-10-05": 18.279569892473116, "bb-01-15-07": 20.869565217391305, "atwt-01-19-05": 17.001545595054097, "atwt-05-13-03": 20.29520295202952, "atwt-05-10-04": 20.0, "atwt-01-12-06": 16.208393632416787, "gl-09-11-06": 20.869565217391305, "gl-02-28-06": 17.829457364341085, "atwt-01-22-09": 21.99661590524535, "oltl-07-10-09": 16.90140845070422,