{"gl-01-13-05": 48.28402366863906, "atwt-05-19-03": 38.73370577281192, "bb-06-07-06": 55.92705167173253, "atwt-05-14-04": 48.62236628849271, "gl-02-08-05": 50.8301404853129, "oltl-08-04-09": 44.919786096256686, "bb-06-15-06": 48.78048780487806, "oltl-06-14-07": 39.15547024952015, "gl-01-04-05": 45.27027027027026, "oltl-01-15-10": 31.702544031311152, "oltl-05-29-06": 37.68656716417911, "atwt-05-07-03": 40.34090909090909, "atwt-05-06-03": 30.278884462151396, "gl-03-01-05": 41.219768664563624, "bb-05-16-06": 59.442724458204346, "oltl-06-15-09": 31.790744466800803, "oltl-03-02-09": 48.32214765100671, "atwt-01-11-05": 36.74242424242424, "atwt-09-18-06": 40.00000000000001, "gl-02-27-06": 52.519083969465655, "bb-05-11-06": 51.83016105417278, "gl-01-28-05": 34.95145631067962, "bb-05-01-17": 42.72445820433436, "bb-04-25-17": 46.44107351225204, "atwt-05-11-06": 47.74193548387097, "bb-06-01-06": 50.57471264367817, "atwt-02-22-06": 53.907134767836915, "atwt-01-16-07": 45.647969052224376, "pc-05-02-03": 42.140468227424755, "atwt-07-21-06": 40.0749063670412, "atwt-08-16-06": 52.11970074812968, "bb-05-03-17": 44.73007712082262, "pc-04-03-03": 37.992831541218635, "bb-05-02-17": 41.47727272727273, "bb-01-11-16": 44.44444444444444, "oltl-03-17-09": 42.90030211480363, "bb-01-20-15": 41.39344262295082, "pc-04-02-03": 44.20289855072464, "oltl-01-16-09": 35.108481262327416, "atwt-05-15-06": 38.57677902621723, "atwt-01-10-06": 44.22110552763819, "oltl-01-06-12": 37.94466403162055, "bb-05-04-06": 48.105436573311366, "bb-01-02-07": 54.81481481481482, "atwt-05-14-03": 38.35616438356165, "oltl-03-02-10": 29.64426877470356, "gl-03-02-05": 47.99999999999999, "atwt-08-23-06": 42.066420664206646, "bb-05-19-06": 55.27488855869242, "atwt-09-11-06": 47.84601283226398, "oltl-02-12-09": 43.74999999999999, "oltl-09-03-09": 45.63106796116505, "bb-01-02-15": 44.067796610169495, "bb-01-16-07": 49.85163204747774, "gl-08-19-05": 47.61904761904761, "atwt-01-11-07": 38.78326996197719, "gl-02-09-05": 39.628482972136226, "pc-04-04-03": 45.38087520259319, "oltl-08-19-09": 47.913446676970636, "atwt-01-21-03": 44.03973509933774, "oltl-02-04-10": 33.333333333333336, "bb-05-10-17": 39.603960396039604, "oltl-01-26-10": 37.096774193548384, "oltl-01-06-10": 32.41252302025782, "atwt-03-06-06": 40.0, "bb-01-29-07": 40.1673640167364, "oltl-08-10-09": 36.71875, "oltl-02-24-09": 47.700170357751276, "pc-01-31-03": 40.78014184397163, "oltl-02-23-07": 49.11804613297151, "oltl-02-12-10": 39.53934740882917, "gl-02-28-05": 46.36678200692042, "atwt-02-16-07": 42.90429042904291, "pc-02-03-03": 42.96754250386399, "bb-01-19-15": 47.30538922155688, "bb-04-26-17": 43.8095238095238, "oltl-11-10-08": 37.858508604206506, "bb-05-11-17": 45.12195121951219, "bb-01-12-16": 31.775700934579444, "gl-02-11-05": 41.28787878787878, "oltl-08-24-09": 45.62607204116638, "atwt-09-19-06": 49.691358024691354, "pc-05-13-03": 41.285956006768195, "gl-01-12-05": 40.44526901669759, "gl-02-16-05": 31.07344632768362, "atwt-09-09-10": 49.80392156862745, "pc-05-29-03": 40.25695931477516, "oltl-02-23-09": 36.024844720496894, "oltl-06-19-07": 48.3619344773791, "gl-02-02-05": 47.21603563474387, "gl-03-01-06": 44.141689373297, "oltl-07-20-11": 36.121673003802286, "oltl-08-26-09": 50.38167938931297, "oltl-02-03-10": 49.25575101488497, "pc-03-04-03": 41.12149532710281, "gl-07-19-06": 41.14490161001789, "bb-05-30-06": 54.13533834586467, "bb-01-17-07": 39.6078431372549, "pc-05-01-03": 45.3292496171516, "gl-01-26-05": 54.482758620689665, "bb-01-05-16": 42.22873900293255, "bb-06-13-06": 48.39743589743589, "atwt-01-19-09": 53.836150845253584, "pc-05-21-03": 42.62295081967213, "oltl-01-23-09": 36.07214428857716, "bb-06-21-06": 55.77689243027888, "oltl-08-14-09": 34.990059642147116, "oltl-02-22-10": 31.782945736434108, "bb-01-06-15": 42.31433506044905, "gl-01-25-05": 33.76068376068376, "gl-09-13-06": 43.22033898305085, "bb-05-23-06": 40.0, "oltl-04-07-09": 40.98073555166375, "bb-05-18-06": 55.93984962406016, "atwt-01-17-05": 51.33565621370499, "oltl-05-29-09": 29.230769230769234, "atwt-11-11-05": 42.64832330180568, "gl-02-21-05": 33.396584440227706, "atwt-02-21-06": 40.3041825095057, "pc-05-30-03": 50.276243093922645, "atwt-01-18-05": 43.91353811149033, "atwt-01-09-06": 43.18181818181818, "bb-01-05-07": 37.5249500998004, "bb-05-03-06": 45.39473684210527, "oltl-02-05-09": 35.68627450980392, "oltl-01-08-09": 32.342007434944236, "bb-05-08-06": 52.49999999999999, "atwt-01-21-05": 36.43263757115749, "gl-01-05-05": 47.34098018769552, "oltl-07-21-11": 34.833659491193735, "atwt-05-20-04": 43.69747899159664, "bb-01-04-07": 54.15472779369627, "bb-05-22-06": 45.966850828729285, "oltl-06-15-07": 41.36690647482014, "pc-02-26-03": 55.98086124401913, "atwt-01-21-09": 48.73737373737374, "pc-04-07-03": 40.46242774566474, "gl-03-03-05": 48.435374149659864, "gl-09-06-06": 43.11594202898551, "bb-06-06-06": 51.40032948929159, "oltl-02-03-09": 44.12296564195298, "oltl-06-02-09": 39.83739837398373, "bb-06-14-06": 55.02063273727648, "oltl-09-09-09": 42.69662921348314, "pc-01-30-03": 34.01360544217687, "oltl-06-19-09": 30.218687872763418, "atwt-07-25-06": 45.83333333333333, "atwt-05-16-06": 47.02702702702703, "oltl-06-29-09": 30.89108910891089, "gl-02-24-05": 53.75170532060029, "oltl-01-15-09": 37.191650853889946, "atwt-01-12-07": 33.97683397683398, "atwt-03-20-06": 38.02281368821293, "oltl-04-08-09": 34.79923518164436, "atwt-10-19-06": 46.15384615384615, "bb-05-04-17": 40.63116370808679, "atwt-05-13-04": 44.88330341113106, "oltl-05-24-07": 42.65402843601896, "oltl-01-07-09": 42.85714285714286, "oltl-07-15-11": 30.891089108910887, "bb-05-09-17": 49.18389553862895, "atwt-01-10-05": 46.808510638297875, "atwt-05-08-03": 44.23440453686201, "atwt-05-18-06": 42.80936454849498, "gl-02-25-05": 39.15547024952016, "atwt-01-05-05": 41.37931034482759, "atwt-08-02-06": 46.85212298682284, "atwt-07-24-06": 48.5133020344288, "oltl-03-01-10": 33.26226012793177, "pc-05-05-03": 45.73378839590443, "oltl-09-18-09": 36.85567010309278, "pc-03-05-03": 50.31766200762389, "atwt-01-22-07": 36.672967863894144, "oltl-05-28-09": 36.25954198473282, "gl-03-07-05": 40.273037542662124, "pc-01-29-03": 44.62809917355373, "atwt-01-20-03": 44.48462929475588, "atwt-05-05-03": 52.29759299781181, "oltl-08-25-09": 44.67353951890035, "oltl-06-28-11": 37.67535070140281, "atwt-03-09-06": 54.068965517241374, "gl-02-15-05": 47.38292011019284, "atwt-01-04-10": 50.554323725055426, "atwt-05-18-04": 40.55118110236221, "atwt-05-15-03": 32.892249527410215, "oltl-08-20-09": 45.78754578754579, "bb-01-11-07": 49.77238239757209, "atwt-01-17-07": 37.89868667917448, "gl-01-14-05": 32.629558541266796, "bb-04-28-06": 45.67627494456762, "bb-05-01-06": 45.91836734693878, "gl-02-22-05": 49.21465968586388, "atwt-02-17-06": 37.5968992248062, "gl-01-31-05": 44.526901669758814, "atwt-05-10-06": 52.94117647058824, "atwt-09-14-06": 34.74747474747475, "bb-05-15-06": 48.553054662379424, "gl-02-14-05": 40.46762589928058, "atwt-09-13-06": 44.41340782122905, "bb-04-27-06": 54.32098765432099, "oltl-07-30-08": 46.391752577319586, "atwt-05-09-03": 33.523809523809526, "gl-02-17-05": 49.826187717265356, "atwt-01-13-05": 47.25050916496945, "atwt-01-18-06": 45.71428571428571, "gl-01-11-05": 46.85242518059856, "pc-06-30-03": 33.793103448275865, "oltl-03-16-09": 35.984848484848484, "oltl-09-23-08": 35.930735930735935, "atwt-05-17-04": 40.15444015444016, "oltl-09-24-08": 44.02277039848197, "atwt-01-05-10": 49.52681388012619, "bb-01-30-07": 51.02639296187683, "atwt-05-16-03": 40.50179211469534, "oltl-01-25-10": 38.68312757201647, "gl-02-10-05": 42.473118279569896, "bb-01-15-07": 45.79710144927536, "atwt-01-19-05": 45.440494590417316, "atwt-05-13-03": 37.63837638376384, "atwt-05-10-04": 49.34782608695652, "atwt-01-12-06": 40.520984081041966, "gl-09-11-06": 41.73913043478261, "gl-02-28-06": 39.147286821705436, "atwt-01-22-09": 43.65482233502538, "oltl-07-10-09": 33.80281690140844, "oltl-01-26-09": 29.514563106796114, "bb-05-12-06": 44.65408805031446,